No;Tanggal;Keterangan;PCS;Harga;Jumlah;;;;
1;06/01/2023; Biaya seng ;1; Rp50,000 ; Rp50,000 ;;;;
2;06 Januari 2023; toto toilet shower thx 20 white ;1; Rp245,000 ; Rp245,000 ;;;;
3;06 Januari 2023;aki;1; Rp1,250,000 ; Rp1,250,000 ;;;;
4;06 Januari 2023;Tali sutra;1; Rp687,500 ; Rp687,500 ;;;;
5;11/01/2023; Pertamax ;1; Rp400,000 ; Rp400,000 ;;;;
6;11 Januari 2023; Lucky dan sostro ;1; Rp33,800 ; Rp33,800 ;;;;
7;14 Januari 2023; Kunci inggris dan cingkrung ;1; Rp130,000 ; Rp130,000 ;;;;
8;17/01/2023;Kabel Listrik;1; Rp308,403 ; Rp308,403 ;;;;
9;17 Januari 2023;colokan dan kabel aterna;1; Rp305,903 ; Rp305,903 ;;;;
10;26 Januari 2023;Kasur kapuk dan bantal;1; Rp300,000 ; Rp300,000 ;;;;
11;26 Januari 2023;Cat Suny 4 kaleng @250,000,-;1; Rp1,000,000 ; Rp1,000,000 ;;;;
12;26 Januari 2023;gas 2 x @120,000,-;1; Rp240,000 ; Rp240,000 ;;;;
13;26 Januari 2023;Saringan Corong dan corong pink;1; Rp45,000 ; Rp45,000 ;;;;
14;26 Januari 2023;Busi 2x @20,000,-;1; Rp40,000 ; Rp40,000 ;;;;
15;26 Januari 2023;Lakban hitam dan bening (besar);1; Rp51,000 ; Rp51,000 ;;;;
16;26 Januari 2023;majun, stik kuas roll, gergaji, stang, sellop lancip, dan bulu ;1; Rp426,000 ; Rp426,000 ;;;;
17;26 Januari 2023;Alfa lakban;1; Rp12,500 ; Rp12,500 ;;;;
18;26 Januari 2023;Mudol 3030 10x@4,000,-;1; Rp40,000 ; Rp40,000 ;;;;
19;26 Januari 2023;injektor dan kubota bias;1; Rp1,200,000 ; Rp1,200,000 ;;;;
20;26 Januari 2023;FC 1805,Rexco 50, sekring tabung, aki N100, airk aki ta,bahan;1; Rp1,910,000 ; Rp1,910,000 ;;;;
21;27/01/2023;Plat 10 MM  140 cm X 100 CM dan Plat 10 MM 100CM X 40 cm;1; Rp3,175,000 ; Rp3,175,000 ;;;;
23;27/01/2023;Perbaikan Las daun cerint dauin  + transfortasi;1; Rp3,250,000 ; Rp3,250,000 ;;;;
24;27/01/2023;Mur dan baut;1; Rp98,000 ; Rp98,000 ;;;;
25;27/01/2023;Besi neser;1; Rp20,000 ; Rp20,000 ;;;;
26;28/06/2023;Bikin Pipa Air Stenlis;1; Rp1,600,000 ; Rp1,600,000 ;;;;
27;18/02/2023;1 pcs incoe astra (aki Aizu 05);1; Rp925,000 ; Rp925,000 ;;;;
28;28/02/2023;Mata tipis (gerinda potong aizu 03 ;1; Rp10,000 ; Rp10,000 ;;;;
29;28/02/2023;R. Paking aizu 03 @1 mtr ;1; Rp150,000 ; Rp150,000 ;;;;
30;28/02/2023;Pergantian uang crew aizu 03 (tanpa nota);1; Rp130,000 ; Rp130,000 ;;;;
31;28/02/2023;Baygon aizu 03;1; Rp35,000 ; Rp35,000 ;;;;
32;28/02/2023;Busi alkon aizu 03;1; Rp25,000 ; Rp25,000 ;;;;
33;28/02/2023;kabel + lampu aizu 03 + aizu 07;1; Rp471,437 ; Rp471,437 ;;;;
34;28/02/2023;Bendera aizu 07;1; Rp50,000 ; Rp50,000 ;;;;
35;28/02/2023;Keran banyu aizu 01, kuas cat, rol cat minyak cat aizu 07;1; Rp237,000 ; Rp237,000 ;;;;
36;28/02/2023;foto copy dukoment zidni 06;1; Rp22,500 ; Rp22,500 ;;;;
37;01/03/2023;F, solor fe 1805 (2 X @90,000,-);2; Rp90,000 ; Rp180,000 ;;;;
38;01/03/2023;F oli 0-1805-1 (2 X @100,000,-);2; Rp100,000 ; Rp200,000 ;;;;
39;01/03/2023;F oli 0-1808 (2 X @100,000,-);2; Rp100,000 ; Rp200,000 ;;;;
40;01/03/2023;Rexlo 50 (2 X @45,000,-);2; Rp45,000 ; Rp90,000 ;;;;
41;01/03/2023;H3 24l (6 X @25,000,-);6; Rp25,000 ; Rp150,000 ;;;;
42;01/03/2023;Hijau Sun 5L (2 kaleng X @250,000,-);2; Rp250,000 ; Rp500,000 ;;;;
43;01/03/2023;Merah Sun 5L (2 kaleng X @250,000,-);2; Rp250,000 ; Rp500,000 ;;;;                                                                                                                                                                                                                                    
44;01/03/2023;Putih Internasional 5L (2 kaleng X @275,000,-);2; Rp275,000 ; Rp550,000 ;;;;
45;01/03/2023;Tali cir (100 Mtr X @37,500,-);100; Rp37,500 ; Rp3,750,000 ;;;;
46;01/03/2023;B 70 Bando;1; Rp140,000 ; Rp140,000 ;;;;
47;01/03/2023;Majun (12 kg X @11,000,-);12; Rp11,000 ; Rp132,000 ;;;;
48;01/03/2023;115-140-13 (seol girbox);2; Rp75,000 ; Rp150,000 ;;;;
49;01/03/2023;Flaskdisk;1; Rp120,000 ; Rp120,000 ;;;;
50;01/03/2023;Kertas HVS;1; Rp49,000 ; Rp49,000 ;;;;
51;06/03/2023;Batu pot (mata gerinda potong);2; Rp5,000 ; Rp10,000 ;;;;
52;06/03/2023;batu pot protek (mata gerinda potong);3; Rp8,000 ; Rp24,000 ;;;;
53;06/03/2023;Beli ban dafrah ;10; Rp35,000 ; Rp350,000 ;;;;
54;09/03/2023;B 24 bardo (vanbel bando);2; Rp42,000 ; Rp84,000 ;;;;
55;09/03/2023;Delta 20A (ces aki);1; Rp850,000 ; Rp850,000 ;;;;
56;16/03/2023;M.sodi 21 N (kunci shok 21);1; Rp30,000 ; Rp30,000 ;;;;
57;16/03/2023;M.sodi 14 N (kunci shok 14);1; Rp22,000 ; Rp22,000 ;;;;
58;16/03/2023;M.sodi 10 N (kunci shok 10);1; Rp20,000 ; Rp20,000 ;;;;
59;16/03/2023;K. Filter sabuk T (kunci filter);1; Rp97,500 ; Rp97,500 ;;;;
60;16/03/2023;K. Ungpa 10 n (kunci ring pas);1; Rp17,000 ; Rp17,000 ;;;;
61;16/03/2023;l ungpa 8 n (kunci ring pas);1; Rp15,000 ; Rp15,000 ;;;;
62;18/03/2023;Selang minyak besar;5; Rp10,000 ; Rp50,000 ;;;;
63;18/03/2023;Selang minyak;1; Rp2,000 ; Rp2,000 ;;;;
64;18/03/2023;kelam;6; Rp3,000 ; Rp18,000 ;;;;
65;20/03/2023;G x 200 Tangki (tangki alkon);1; Rp100,000 ; Rp100,000 ;;;;
66;20/03/2023;G x 200 Knalpot (knalpot alkon);1; Rp75,000 ; Rp75,000 ;;;;
67;20/03/2023;Sel Gearbox 140x170;2; Rp150,000 ; Rp300,000 ;;;;
68;20/03/2023;Sok alkon 3 x2;2; Rp35,000 ; Rp70,000 ;;;;
69;20/03/2023;Bantex;1; Rp33,000 ; Rp33,000 ;;;;
70;21/03/2023;Majun;10; Rp12,000 ; Rp120,000 ;;;;
71;21/03/2023;Lem epoxy ;1; Rp75,000 ; Rp75,000 ;;;;
72;21/03/2023;Tang buaya;1; Rp97,500 ; Rp97,500 ;;;;
73;21/03/2023;Slang las double;15; Rp32,500 ; Rp487,500 ;;;;
74;21/03/2023;Stang kunci shoc;1; Rp215,000 ; Rp215,000 ;;;;
75;21/03/2023;Cat putih;1; Rp65,000 ; Rp65,000 ;;;;
76;21/03/2023;F oli 0-1012;2; Rp165,000 ; Rp330,000 ;;;;
77;21/03/2023;Filter rakur PM 2020;2; Rp125,000 ; Rp250,000 ;;;;
78;21/03/2023;Rexco 50;1; Rp45,000 ; Rp45,000 ;;;;
79;21/03/2023;Gamuk cobra;1; Rp35,000 ; Rp35,000 ;;;;
80;21/03/2023;Lampo sorot hella;1; Rp650,000 ; Rp650,000 ;;;;
81;21/03/2023;WP 3 Tsurumi (Alkon pondasi alkon);1; Rp3,850,000 ; Rp3,850,000 ;;;;
82;21/03/2023;Rangka lup (rangka alkon);1; Rp300,000 ; Rp300,000 ;;;;
83;21/03/2023;Bola Lampu;1; Rp88,200 ; Rp88,200 ;;;;
84;28/03/2023;Perbaikan ces aki dll;1; Rp600,000 ; Rp600,000 ;;;;
85;29/03/2023;Pertamina Sae-15w-40 (olie);2; Rp5,600,000 ; Rp11,200,000 ;;;;
86;30/03/2023;Bayar perbaikan girbox ;1; Rp800,000 ; Rp800,000 ;;;;
87;31/03/2023;Regolator (oksigin) ;1; Rp150,000 ; Rp150,000 ;;;;
88;31/03/2023;Regolator NIS (LPG);1; Rp70,000 ; Rp70,000 ;;;;
89;31/03/2023;Fotocopy dan laminating;1; Rp90,000 ; Rp90,000 ;;;;
90;27/04/2023;bayar pembuatan tambatan untuk ikat tongkang di sungai putting (pembelian batang nyiur);4; Rp1,000,000 ; Rp4,000,000 ;;;;
91;28/04/2023;sentar kepala, inveter;1; Rp312,000 ; Rp312,000 ;;;;
92;28/04/2023;nozzle, remis paking, gemuk,lem red;1; Rp400,000 ; Rp400,000 ;;;;
93;28/04/2023;jas hujan;1; Rp65,000 ; Rp65,000 ;;;;
94;28/04/2023;bendera kapal;4; Rp12,500 ; Rp50,000 ;;;;
95;28/04/2023;selang spiral, selang benang, pompa celup aki, remot kemudi;1; Rp1,430,000 ; Rp1,430,000 ;;;;
96;28/04/2023;kipas angin;1; Rp185,000 ; Rp185,000 ;;;;
97;28/04/2023;kelam;1; Rp34,000 ; Rp34,000 ;;;;
98;28/04/2023;obat, vitamin,masker;1; Rp176,500 ; Rp176,500 ;;;;
99;28/04/2023;sarung tangan;1; Rp35,000 ; Rp35,000 ;;;;
100;28/04/2023;tali sir uk 6, segel 8 1/2 dan tali uk line;1; Rp5,010,000 ; Rp5,010,000 ;;;;
101;29/04/2023;lampu sorot hella;1; Rp650,000 ; Rp650,000 ;;;;
102;29/04/2023;aki + banyu aki;1; Rp1,095,000 ; Rp1,095,000 ;;;;
103;29/04/2023;tong banyu + pel lantai;1; Rp197,000 ; Rp197,000 ;;;;
104;29/04/2023;sleng benang dan kelum;1; Rp69,000 ; Rp69,000 ;;;;
105;29/04/2023;Selang benang dan kelam;1; Rp104,000 ; Rp104,000 ;;;;
106;01/05/2023;perbaikan roda daun4, center merubah feet dal las daun pada roda;1; Rp2,100,000 ; Rp2,100,000 ;;;;
107;04/05/2023;ATK dan perbaikan printer;1; Rp567,000 ; Rp567,000 ;;;;
108;08/05/2023;1 roll (11 mtr biru tsk) dan 1 roll (11 mtr merah);1; Rp1,485,000 ; Rp1,485,000 ;;;;
109;03/05/2023;Besi sok;1; Rp40,000 ; Rp40,000 ;;;;
110;03/05/2023;Aki Samsung dan Rb Aki;1; Rp100,000 ; Rp100,000 ;;;;
111;03/05/2023;kabel;1; Rp96,000 ; Rp96,000 ;;;;
112;03/05/2023;Ampu Gorel;1; Rp65,000 ; Rp65,000 ;;;;
113;05/05/2023; Remot atgn yamasuka ;1; Rp850,000 ; Rp850,000 ;;;;
114;07/05/2023; Perbaikan bronstop ;1; Rp10,500,000 ; Rp10,500,000 ;;;;
115;08/05/2023; Kabel remot kemudi ;1; Rp1,485,000 ; Rp1,485,000 ;;;;
116;12/05/2023;Piston baja, ring piston,paking set,metal jacan, metal duduk,liner,pin piston extraNtreebon red;1; Rp28,500,000 ; Rp28,500,000 ;;;;
117;13/05/2023;Amper Gerbox ;1; Rp250,000 ; Rp250,000 ;;;;
118;13/05/2023; oli pertamina sae-40 ;1; Rp11,200,000 ; Rp11,200,000 ;;;;
119;16/05/2023; Tutup klip, plat dan per klip ;1; Rp700,000 ; Rp700,000 ;;;;
120;22/05/2023; Filter FL 1805 ;1;; Rp285,000 ;;;;
121;23/05/2023;Upah over hull TB. Aizu 7;1; Rp8,000,000 ; Rp8,000,000 ;;;;
122;23/05/2023;1 set elbowt rzakit yk;1; Rp410,000 ; Rp410,000 ;;;;
123;24/05/2023;Ganti selenoid baru dan jasa service;1; Rp950,000 ; Rp950,000 ;;;;
124;24/05/2023;Tarikan stater dan M. jalan RD 65;1; Rp135,000 ; Rp135,000 ;;;;
125;24/05/2023;Matrai;1; Rp23,000 ; Rp23,000 ;;;;
126;28/05/2023;ptt kenwood;1; Rp250,000 ; Rp250,000 ;;;;
127;29/05/2023;Vanbel B 63;1; Rp63,000 ; Rp63,000 ;;;;
128;29/05/2023;Daimaru aluminium foil;1; Rp220,000 ; Rp220,000 ;;;;
129;29/05/2023;Hose 1, Nozzel Rd 65 dan kaca filter RD65;1; Rp285,000 ; Rp285,000 ;;;;
130;29/05/2023;Kawat RB 3,2 m , Kawat las Rb 4,0 n, Sikat kawat best guard, sikat kawat C-Mart dan klam 1 ?2 ;1; Rp415,000 ; Rp415,000 ;;;;
131;29/05/2023;sekring tabung, H3 24, Fe 1005, 0-1012, PM 2020, 0-1805-1 dan 0-1806;1; Rp1,210,000 ; Rp1,210,000 ;;;;
132;29/05/2023;bantal kapuk dan guling kapuk;1; Rp430,000 ; Rp430,000 ;;;;
133;29/05/2023;sekat WC, Kaset dan sendok;1; Rp57,000 ; Rp57,000 ;;;;
134;29/05/2023;Tali Sir 6 dan majun;1; Rp1,020,000 ; Rp1,020,000 ;;;;
135;31/05/2023;Solar;5; Rp10,000 ; Rp50,000 ;;;;
136;31/05/2023;Makan;1; Rp100,000 ; Rp100,000 ;;;;
137;03/06/2023;Batrai;1; Rp15,000 ; Rp15,000 ;;;;
138;03/06/2023;makan siang ;1; Rp127,000 ; Rp127,000 ;;;;
139;03/06/2023;Filter dan oli;1; Rp566,300 ; Rp566,300 ;;;;
140;03/06/2023;Remot yamasuka;1; Rp850,000 ; Rp850,000 ;;;;
141;06/06/2023; Biaya seng ;1; Rp50,000 ; Rp50,000 ;;;;
142;06/06/2023; toto toilet shower thx 20 white ;1; Rp245,000 ; Rp245,000 ;;;;
143;06/06/2023;aki;1; Rp1,250,000 ; Rp1,250,000 ;;;;
144;06/06/2023;Tali sutra;1; Rp687,500 ; Rp687,500 ;;;;
145;11/06/2023; Pertamax ;1; Rp400,000 ; Rp400,000 ;;;;
146;11/06/2023; Lucky dan sostro ;1; Rp33,800 ; Rp33,800 ;;;;
147;14/06/2023; Kunci inggris dan cingkrung ;1; Rp130,000 ; Rp130,000 ;;;;
148;17/06/2023;Kabel Listrik;1; Rp308,403 ; Rp308,403 ;;;;
149;17/06/2023;colokan dan kabel aterna;1; Rp305,903 ; Rp305,903 ;;;;
150;26/06/2023;Kasur kapuk dan bantal;1; Rp300,000 ; Rp300,000 ;;;;
151;26/06/2023;Cat Suny 4 kaleng @250,000,-;1; Rp1,000,000 ; Rp1,000,000 ;;;;
152;26/06/2023;gas 2 x @120,000,-;1; Rp240,000 ; Rp240,000 ;;;;
153;26/06/2023;Saringan Corong dan corong pink;1; Rp45,000 ; Rp45,000 ;;;;
154;26/06/2023;Busi 2x @20,000,-;1; Rp40,000 ; Rp40,000 ;;;;
155;26/06/2023;Lakban hitam dan bening (besar);1; Rp51,000 ; Rp51,000 ;;;;
156;26/06/2023;majun, stik kuas roll, gergaji, stang, sellop lancip, dan bulu ;1; Rp426,000 ; Rp426,000 ;;;;
157;26/06/2023;Alfa lakban;1; Rp12,500 ; Rp12,500 ;;;;
158;26/06/2023;Mudol 3030 10x@4,000,-;1; Rp40,000 ; Rp40,000 ;;;;
159;26/06/2023;injektor dan kubota bias;1; Rp1,200,000 ; Rp1,200,000 ;;;;
160;26/06/2023;FC 1805,Rexco 50, sekring tabung, aki N100, airk aki ta,bahan;1; Rp1,910,000 ; Rp1,910,000 ;;;;
161;27/06/2023;Plat 10 MM  140 cm X 100 CM dan Plat 10 MM 100CM X 40 cm;1; Rp3,175,000 ; Rp3,175,000 ;;;;
162;27/06/2023;;1;;;;;;
163;27/06/2023;Perbaikan Las daun cerint dauin  + transfortasi;1; Rp3,250,000 ; Rp3,250,000 ;;;;
164;27/06/2023;Mur dan baut;1; Rp98,000 ; Rp98,000 ;;;;
165;27/06/2023;Besi neser;1; Rp20,000 ; Rp20,000 ;;;;
166;28/06/2023;Bikin Pipa Air Stenlis;1; Rp1,600,000 ; Rp1,600,000 ;;;;
167;03/07/2023;Bikin kemudi, tembak nozel dan ganti nozel;1; Rp3,500,000 ; Rp3,500,000 ;;;;
168;03/07/2023;Panbes kanipol;1; Rp500,000 ; Rp500,000 ;;;;
169;03/07/2023;Oksegen 2 tabung;1; Rp120,000 ; Rp120,000 ;;;;
170;06/07/2023;Tali Surta 30 M;1; Rp825,000 ; Rp825,000 ;;;;
171;06/07/2023; Gerbox dll ;1; Rp460,000 ; Rp460,000 ;;;;
172;06/07/2023; 1 pak K las RB26 ;1; Rp175,500 ; Rp175,500 ;;;;
173;07/07/2023;perbaikan, ganti gerbok dan cincin has gerbok;1; Rp3,000,000 ; Rp3,000,000 ;;;;
174;07/07/2023;stempel laser;1; Rp200,000 ; Rp200,000 ;;;;
175;10/07/2023; Pakop Rd 8 dan TH rebon Grey ;1; Rp440,000 ; Rp440,000 ;;;;
176;10/07/2023; teng zuur  ;1; Rp130,000 ; Rp130,000 ;;;;
177;10/07/2023; kasa gulung, hansaplas dll ;1; Rp80,000 ; Rp80,000 ;;;;
178;12/07/2023;sigel 5/6 dan segel 1/2;1; Rp107,000 ; Rp107,000 ;;;;
179;12/07/2023;segel dapra 5/8 dan segel 12 ton;1; Rp890,000 ; Rp890,000 ;;;;
180;15/07/2023;TBA 0,8;1; Rp75,000 ; Rp75,000 ;;;;
181;15/07/2023;selang solar, jet oil ring liner dan lem dexton;1; Rp1,080,000 ; Rp1,080,000 ;;;;
182;15/07/2023;karet mthri;1; Rp240,000 ; Rp240,000 ;;;;
183;16/07/2023;lem nguli dan slem putih;1; Rp30,000 ; Rp30,000 ;;;;
184;17/07/2023;lem epoxy;1; Rp67,000 ; Rp67,000 ;;;;
185;17/07/2023;ring piston;1; Rp125,000 ; Rp125,000 ;;;;
186;18/07/2023;lem epoxy;1; Rp68,000 ; Rp68,000 ;;;;
187;18/07/2023;stng + pisto + reng;1; Rp2,500,000 ; Rp2,500,000 ;;;;
188;18/07/2023;liner, dan seal;1; Rp2,950,000 ; Rp2,950,000 ;;;;
189;19/07/2023;piston, pipa dll;1; Rp1,385,000 ; Rp1,385,000 ;;;;
190;19/07/2023;kligrit;1; Rp375,000 ; Rp375,000 ;;;;
191;19/07/2023;jepit palang arjun;1; Rp189,000 ; Rp189,000 ;;;;
192;21/07/2023;b 36 bando;1; Rp112,000 ; Rp112,000 ;;;;
193;24/07/2023;pasang len AV;1; Rp75,000 ; Rp75,000 ;;;;
194;24/07/2023;laminating;1; Rp36,000 ; Rp36,000 ;;;;
195;27/07/2023;oli pertamina, sepatu septi;1; Rp10,950,000 ; Rp10,950,000 ;;;;
196;27/07/2023;panadol merah, panadol hijau dan obat-obatan lainnya;1; Rp122,500 ; Rp122,500 ;;;;
197;27/07/2023;stempel laser dan plat kapal;1; Rp300,000 ; Rp300,000 ;;;;
198;27/07/2023;Tali Surta 30 M;1; Rp825,000 ; Rp825,000 ;;;;
199;27/07/2023;tali cir, cat sun merah dll;1; Rp4,025,000 ; Rp4,025,000 ;;;;
200;27/07/2023;lem ovoksi non sea;1; Rp150,000 ; Rp150,000 ;;;;
201;27/07/2023;10 M hj;1; Rp125,000 ; Rp125,000 ;;;;
202;27/07/2023;bato pot, betel topi jumbo dll;1; Rp477,500 ; Rp477,500 ;;;;
203;27/07/2023;kuas cat, jas hujan dan majun ;1; Rp280,000 ; Rp280,000 ;;;;
204;27/07/2023;headlamp;1; Rp100,000 ; Rp100,000 ;;;;
205;27/07/2023;fc 1805, o -1012 dll;1; Rp1,200,000 ; Rp1,200,000 ;;;;
206;27/07/2023;helm msk kuning, baju atasan cream dan asgard;1; Rp465,000 ; Rp465,000 ;;;;
207;27/07/2023;bantal kampuk;1; Rp110,000 ; Rp110,000 ;;;;
208;27/07/2023;ptt rudin kemuara;1; Rp250,000 ; Rp250,000 ;;;;
209;27/07/2023;safety vost, lifa jacket dan sofoty shoes;1; Rp1,640,000 ; Rp1,640,000 ;;;;
210;29/07/2023;lem red dan baut L;1; Rp220,000 ; Rp220,000 ;;;;
211;31/07/2023;TBA;1; Rp100,000 ; Rp100,000 ;;;;
212;31/07/2023;isi caler, O ring dll;1; Rp9,525,000 ; Rp9,525,000 ;;;;
213;31/07/2023;Fotocopy, Print dan laminating;1; Rp29,500 ; Rp29,500 ;;;;
214;04/08/2023;Aki N120 incoe;1; Rp1,765,000 ; Rp1,765,000 ;;;;
215;04/08/2023;cat sun merah, cat sun putih, cat jotun + curing;1; Rp800,000 ; Rp800,000 ;;;;
216;04/08/2023;tali puih;1; Rp45,000 ; Rp45,000 ;;;;
217;04/08/2023; Thinner A umrlang dll ;1; Rp210,000 ; Rp210,000 ;;;;
218;04/08/2023; plat 10 mm, dan plat 4mm ;1; Rp3,500,000 ; Rp3,500,000 ;;;;
219;04/08/2023;Pan ball B-81;1; Rp55,000 ; Rp55,000 ;;;;
220;04/08/2023;plat 92 kg;1; Rp1,196,000 ; Rp1,196,000 ;;;;
221;04/08/2023; B 82 PW ;1; Rp105,000 ; Rp105,000 ;;;;
222;05/08/2023; Dinamo, dll ;1; Rp435,000 ; Rp435,000 ;;;;
223;05/08/2023; RB 26 3,2 M, Rb 26 4 ml dll ;1; Rp678,000 ; Rp678,000 ;;;;
224;07/08/2023;perbaikan daku tida, daunlas dll;1; Rp3,000,000 ; Rp3,000,000 ;;;;
225;08/08/2023;B Manel 3/4 x 3 + 2 mor dll;1; Rp300,000 ; Rp300,000 ;;;;
226;08/08/2023;Bikin tempat waterpump;1; Rp1,000,000 ; Rp1,000,000 ;;;;
227;11/08/2023;DP repair as propeler las dan bubut dll;1; Rp3,000,000 ; Rp3,000,000 ;;;;
228;11/08/2023;pipa muyak agu aizu 05;1; Rp500,000 ; Rp500,000 ;;;;
229;14/08/2023; Philips led dll ;1; Rp565,437 ; Rp565,437 ;;;;
230;14/08/2023;desk fan;1; Rp214,000 ; Rp214,000 ;;;;
231;14/08/2023;Vlove RJ;1; Rp52,000 ; Rp52,000 ;;;;
232;14/08/2023;Fl 1005 dll;1; Rp820,000 ; Rp820,000 ;;;;
233;14/08/2023; Aki N120 65 ;1; Rp1,985,000 ; Rp1,985,000 ;;;;
234;14/08/2023; B air 55 3/4 x 4 55 tm ;1; Rp258,000 ; Rp258,000 ;;;;
235;14/08/2023;Majun;1; Rp120,000 ; Rp120,000 ;;;;
236;14/08/2023;Kawat Las;1; Rp15,000 ; Rp15,000 ;;;;
237;14/08/2023;sarung tangan bintik, bor baut;1; Rp95,000 ; Rp95,000 ;;;;
238;14/08/2023;Isi Filter RD;1; Rp40,000 ; Rp40,000 ;;;;
239;14/08/2023; Ring boy, sepatu sefety ;1; Rp850,000 ; Rp850,000 ;;;;
240;15/08/2023;Ring piston dll;1; Rp190,000 ; Rp190,000 ;;;;
241;15/08/2023;Hit ins spry dll;1; Rp82,400 ; Rp82,400 ;;;;
242;15/08/2023;Tempat sendok;1; Rp7,000 ; Rp7,000 ;;;;
243;15/08/2023;Masker ;1; Rp23,000 ; Rp23,000 ;;;;
244;16/08/2023;BLM;1; Rp90,000 ; Rp90,000 ;;;;
245;18/08/2023;Tilam kapuk;1; Rp270,000 ; Rp270,000 ;;;;
246;18/08/2023;Kuas cat dll;1; Rp107,500 ; Rp107,500 ;;;;
247;18/08/2023;cat suny hitam dan tinner sun;1; Rp775,000 ; Rp775,000 ;;;;
248;01/09/2023;cat sun merah 5 ltr, hitam 20 ltr dan thiner ;1; Rp1,275,000 ; Rp1,275,000 ;;;;
249;04/09/2023;Plate 12 MM dan plat 10 MM;1; Rp3,400,000 ; Rp3,400,000 ;;;;
250;04/09/2023;Plat 10 mm, monel dan tangkupan;1; Rp4,020,000 ; Rp4,020,000 ;;;;
251;04/09/2023;Tabung O2 2 biji;2; Rp120,000 ; Rp240,000 ;;;;
252;04/09/2023; Hit, paseo dan lain lain ;1; Rp122,500 ; Rp122,500 ;;;;
253;06/09/2023;Tabung O2 2 biji;1; Rp120,000 ; Rp120,000 ;;;;
254;07/09/2023;Cat Jotun putih 5 ltr;1; Rp300,000 ; Rp300,000 ;;;;
255;07/09/2023;Batery charge eko 40 Amp, ganti cepitan accu , baterai charger DELTA;1; Rp400,000 ; Rp400,000 ;;;;
256;07/09/2023; B/M Monel M20X902 +R Ver M20 ;1; Rp384,000 ; Rp384,000 ;;;;
257;07/09/2023; Kuas ;1; Rp75,000 ; Rp75,000 ;;;;
258;07/09/2023; B. Baja 1X8, R plat baja dan R per baja ;1; Rp131,000 ; Rp131,000 ;;;;
259;07/09/2023; baut tanpa nota ;1; Rp60,000 ; Rp60,000 ;;;;
260;09/09/2023;Baut monil dan mour;1; Rp158,000 ; Rp158,000 ;;;;
261;09/09/2023;baut tanpa nota;1; Rp20,000 ; Rp20,000 ;;;;
262;11/09/2023;Cat meni, Cat hitamm cat hijau putih merah dan thiner;1; Rp2,325,000 ; Rp2,325,000 ;;;;
263;11/09/2023;Plat 12 m, plat 10 m 1 dus kawat;1; Rp5,700,000 ; Rp5,700,000 ;;;;
264;11/09/2023;Tabung O2 2 biji;2; Rp120,000 ; Rp240,000 ;;;;
265;11/09/2023;Rol Fia, Sikat gerinda kpg, sikat gerinda Toda dan sikat gerinda polos wpr;1; Rp255,000 ; Rp255,000 ;;;;
266;11/09/2023; nyyhy 2x0 75 eterna-m ;1; Rp96,000 ; Rp96,000 ;;;;
267;11/09/2023;Barist;1; Rp64,000 ; Rp64,000 ;;;;
268;13/09/2023;Tabung O2 3 biji;3; Rp120,000 ; Rp360,000 ;;;;
269;19/09/2023;Lem Epokxy;1; Rp75,000 ; Rp75,000 ;;;;
270;19/09/2023; Kabel PC ;1; Rp100,000 ; Rp100,000 ;;;;
271;19/09/2023;tali cir ukuran 6 dan tali ukuran 1 inc;1; Rp3,970,000 ; Rp3,970,000 ;;;;
272;26/09/2023;Oli pertamina 2 drum;2; Rp6,200,000 ; Rp12,400,000 ;;;;
273;26/09/2023;Kabel onat;1; Rp22,000 ; Rp22,000 ;;;;
274;26/09/2023;Tali ukuran I m;30; Rp22,000 ; Rp660,000 ;;;;
275;26/09/2023; cat sun hijau dan cat sun putih ;1; Rp1,000,000 ; Rp1,000,000 ;;;;
276;26/09/2023;Balon;2; Rp50,000 ; Rp100,000 ;;;;
277;27/09/2023;Susu beruang;1; Rp273,000 ; Rp273,000 ;;;;
278;27/09/2023;Piklos;1; Rp260,000 ; Rp260,000 ;;;;
279;27/09/2023;F 1802, fc 1805, O-1806, O-1808 dan 1805-1;1; Rp1,040,000 ; Rp1,040,000 ;;;;
280;27/09/2023;Sarung tangan bintik, rexco 50-350, kliem slang benang dan reco 50-350;1; Rp552,000 ; Rp552,000 ;;;;
281;27/09/2023;K ring pas ats 28;1; Rp152,000 ; Rp152,000 ;;;;
282;27/09/2023;Gayung, sikat dorong dan pel lantai;1; Rp79,000 ; Rp79,000 ;;;;
283;27/09/2023;G 70 Power;1; Rp126,000 ; Rp126,000 ;;;;
284;27/09/2023;Tali ukuran 32 mm, tali ukuran 1 24 mm;1; Rp1,270,000 ; Rp1,270,000 ;;;;
285;27/09/2023;Batu pot kinik, batu pot resbon, gergaji besi dan obeng ketok;1; Rp188,000 ; Rp188,000 ;;;;
286;28/09/2023;Pergantian pembelian di kapal;1; Rp314,000 ; Rp314,000 ;;;;
287;02/10/2023;Kawat las;1; Rp300,000 ; Rp300,000 ;;;;
288;03/10/2023;Kabel las;1; Rp600,000 ; Rp600,000 ;;;;
289;03/10/2023;Slun 70;1; Rp50,000 ; Rp50,000 ;;;;
290;03/10/2023;tab 20 rascal;1; Rp1,850,000 ; Rp1,850,000 ;;;;
291;11/10/2023;Inverter;1; Rp325,000 ; Rp325,000 ;;;;
292;11/10/2023;Silkop ST 3;1; Rp125,000 ; Rp125,000 ;;;;
293;16/10/2023; Oil, Filter Minyak, Oil Fiston dll ;1; Rp1,358,000 ; Rp1,358,000 ;;;;
294;16/10/2023;Tabung gas ;1; Rp120,000 ; Rp120,000 ;;;;
295;18/10/2023;Kabel 2,5 Xl dan sutp;1; Rp156,000 ; Rp156,000 ;;;;
296;18/10/2023;Aki, kepala aki dll;1; Rp405,000 ; Rp405,000 ;;;;
297;18/10/2023; Dinamo, ganti armarture dll ;1; Rp1,150,000 ; Rp1,150,000 ;;;;
298;19/10/2023; 10 biji ban ;1; Rp350,000 ; Rp350,000 ;;;;
299;25/10/2023; Galon  ;1; Rp100,000 ; Rp100,000 ;;;;
300;25/10/2023; Solar ;1; Rp337,500 ; Rp337,500 ;;;;
301;25/10/2023;FC 1005,PM 2020 dll;1; Rp2,115,000 ; Rp2,115,000 ;;;;
302;25/10/2023;B 90 X 60;1; Rp100,000 ; Rp100,000 ;;;;
303;25/10/2023;Sepatu bot;1; Rp100,000 ; Rp100,000 ;;;;
304;25/10/2023;Tali 32 M;1; Rp875,000 ; Rp875,000 ;;;;
305;25/10/2023;Besi NGK;1; Rp50,000 ; Rp50,000 ;;;;
306;25/10/2023;Lakban Bambi,Lakban Hitam;1; Rp100,000 ; Rp100,000 ;;;;
307;25/10/2023; Majun ;1; Rp99,000 ; Rp99,000 ;;;;
308;25/10/2023;Ganti aki mobil Strada;1; Rp1,305,000 ; Rp1,305,000 ;;;;
309;25/10/2023;Bantal Guling kapuk;1; Rp100,000 ; Rp100,000 ;;;;
310;25/10/2023;Cat Suny merah, Seyel 5/8;1; Rp700,000 ; Rp700,000 ;;;;
311;25/10/2023; Bulu kuas rol, K ring, lem Gasket dll ;1; Rp434,000 ; Rp434,000 ;;;;
312;25/10/2023;Baut s5;1; Rp242,500 ; Rp242,500 ;;;;
313;25/10/2023;Mika;1; Rp425,000 ; Rp425,000 ;;;;
314;26/10/2023;Melubangi baut;1; Rp50,000 ; Rp50,000 ;;;;
315;28/10/2023;over sock dll;1; Rp279,000 ; Rp279,000 ;;;;
316;28/10/2023;pembelian kuler laporkan;1; Rp2,750,000 ; Rp2,750,000 ;;;;
317;30/10/2023;Ban 11 biji X 35,000;1; Rp385,000 ; Rp385,000 ;;;;
318;01/11/2023;Kabel;1; Rp230,502 ; Rp230,502 ;;;;
319;03/11/2023;Pertalite;1; Rp200,000 ; Rp200,000 ;;;;
320;04/11/2023;RB 3,2 ml;1; Rp165,000 ; Rp165,000 ;;;;
321;04/11/2012;Stempel dan tanda tangan;1; Rp250,000 ; Rp250,000 ;;;;
322;08/11/2023;Buli dll;1; Rp200,000 ; Rp200,000 ;;;;
323;09/11/2023;BLM 1x5 Baju;1; Rp93,400 ; Rp93,400 ;;;;
324;09/11/2023;K Sok 3/4 tkr 06 pt 38;1; Rp105,000 ; Rp105,000 ;;;;
325;30/11/2023;Oli pertamina sae 40 2 DRUM @5,200,000;1; Rp10,400,000 ; Rp10,400,000 ;;;;
326;30/11/2023;Cat merah, hitam dan putih;1; Rp1,250,000 ; Rp1,250,000 ;;;;
327;01/12/2023;Radio HT;1; Rp600,000 ; Rp600,000 ;;;;
328;01/12/2023;Stang blender;1; Rp245,000 ; Rp245,000 ;;;;
329;01/12/2023;Segel Omeha 2 PCS @Rp.250,000,-;1; Rp500,000 ; Rp500,000 ;;;;
330;01/12/2023;Nyyhy 10meter;1; Rp64,000 ; Rp64,000 ;;;;
331;01/12/2023;Philip led dll;1; Rp437,050 ; Rp437,050 ;;;;
332;01/12/2023; Pompa clp aki ryu ;1; Rp275,000 ; Rp275,000 ;;;;
333;01/12/2023;RC 1085;1; Rp320,000 ; Rp320,000 ;;;;
334;01/12/2023; Rol Kuas kapal, Majun dll ;1; Rp465,000 ; Rp465,000 ;;;;
335;01/12/2023;Plister;1; Rp30,000 ; Rp30,000 ;;;;
336;01/12/2023;Parang rumput;1; Rp25,000 ; Rp25,000 ;;;;
337;02/12/2023; Alternator ME 24 Vilt, material dan cleaning ;1; Rp300,000 ; Rp300,000 ;;;;
338;02/12/2023;Laminating;1; Rp40,000 ; Rp40,000 ;;;;
339;04/12/2023;Alternator ME 24 Volt, material dan ganti regulator + jasa service;1; Rp750,000 ; Rp750,000 ;;;;
340;04/12/2023;Pel jepit aluminium;1; Rp60,000 ; Rp60,000 ;;;;
341;04/12/2023;G5 Golt Primer 2 / @Rp, 2,250,000,- ;1; Rp4,500,000 ; Rp4,500,000 ;;;;
342;13/12/2023;Laminating F4;1; Rp18,000 ; Rp18,000 ;;;;
343;13/12/2023;Gerbox, baut dll;1; Rp345,000 ; Rp345,000 ;;;;
344;13/12/2023;Pergantian pembelian orang kapal;1; Rp350,000 ; Rp350,000 ;;;;
345;16/12/2023;Hpp s1110 rdn;1; Rp50,000 ; Rp50,000 ;;;;
346;16/12/2023;Gemuk cobtu 2 x @65,000 ;1; Rp130,000 ; Rp130,000 ;;;;
347;16/12/2023;Majun warna;1; Rp60,000 ; Rp60,000 ;;;;
348;16/12/2023;Radio HT Voxbar V-35;1; Rp600,000 ; Rp600,000 ;;;;
349;16/12/2023;Radio HT Voxbar UV-Xr;1; Rp750,000 ; Rp750,000 ;;;;
350;18/12/2023;Kompa;1; Rp2,750,000 ; Rp2,750,000 ;;;;
351;18/12/2023;Nepal king;1; Rp125,000 ; Rp125,000 ;;;;
352;20/12/2023;Dinamo starter;1; Rp300,000 ; Rp300,000 ;;;;
353;22/12/2023;Pakup dll;1; Rp60,000 ; Rp60,000 ;;;;
354;26/12/2023;B 42 bando;1; Rp85,000 ; Rp85,000 ;;;;
355;27/12/2023;Kwitansi 1 pak + bbm adi;1; Rp50,000 ; Rp50,000 ;;;;
356;28/12/2023;Beli gergaji, kuas dll;1; Rp250,000 ; Rp250,000 ;;;;
357;28/12/2023;Gergaji;1; Rp40,000 ; Rp40,000 ;;;;
358;28/12/2023;Kuas;1; Rp25,000 ; Rp25,000 ;;;;
359;28/12/2023;Klem besi;1; Rp24,000 ; Rp24,000 ;;;;
360;28/12/2023;Nepel king 1 1/2, klam 2 1/4;1; Rp99,000 ; Rp99,000 ;;;;
361;28/12/2023;Nepel king 1 1/2, klam 1 1/2;1; Rp150,000 ; Rp150,000 ;;;;
362;29/12/2023;Cai sun set, Segel Dapra dan tali;1; Rp750,000 ; Rp750,000 ;;;;
363;29/12/2023;Aladin new 6w luby, dll;1; Rp435,000 ; Rp435,000 ;;;;
364;29/12/2023;Bulgari, B.41 Bandu, Carbon st3 dll;1; Rp251,000 ; Rp251,000 ;;;;
365;29/12/2023;Alternator ME DELCo REMY;1; Rp250,000 ; Rp250,000 ;;;;
366;30/12/2023;Cat Suny putih, kawat las;1; Rp400,000 ; Rp400,000 ;;;;
